-- phpMyAdmin SQL Dump
-- version 4.5.2
-- http://www.phpmyadmin.net
--
-- Host: localhost
-- Generation Time: Jun 03, 2016 at 12:20 
-- Server version: 10.1.10-MariaDB
-- PHP Version: 7.0.2

SET SQL_MODE = "NO_AUTO_VALUE_ON_ZERO";
SET time_zone = "+00:00";


/*!40101 SET @OLD_CHARACTER_SET_CLIENT=@@CHARACTER_SET_CLIENT */;
/*!40101 SET @OLD_CHARACTER_SET_RESULTS=@@CHARACTER_SET_RESULTS */;
/*!40101 SET @OLD_COLLATION_CONNECTION=@@COLLATION_CONNECTION */;
/*!40101 SET NAMES utf8mb4 */;

--
-- Database: `news`
--

-- --------------------------------------------------------

--
-- Table structure for table `categories`
--

CREATE TABLE `categories` (
  `id` int(11) NOT NULL,
  `name` varchar(255) NOT NULL
) ENGINE=InnoDB DEFAULT CHARSET=utf8;

--
-- Dumping data for table `categories`
--

INSERT INTO `categories` (`id`, `name`) VALUES
(4, 'Политика'),
(5, 'Hello'),
(6, 'Экономика'),
(7, 'Спорт');

-- --------------------------------------------------------

--
-- Table structure for table `images`
--

CREATE TABLE `images` (
  `id` smallint(5) UNSIGNED NOT NULL,
  `path` varchar(255) NOT NULL,
  `news_id` int(11) NOT NULL
) ENGINE=InnoDB DEFAULT CHARSET=utf8;

--
-- Dumping data for table `images`
--

INSERT INTO `images` (`id`, `path`, `news_id`) VALUES
(90, '/images/articles/1679091c5a880faf6fb5e6087eb1b2dc.jpg', 0),
(91, '/images/articles/1679091c5a880faf6fb5e6087eb1b2dc.jpg', 7),
(92, '/images/articles/1679091c5a880faf6fb5e6087eb1b2dc.jpg', 9),
(93, '/images/articles/a87ff679a2f3e71d9181a67b7542122c.jpeg', 10),
(94, '/images/articles/a87ff679a2f3e71d9181a67b7542122c.jpg', 11),
(95, '/images/articles/a87ff679a2f3e71d9181a67b7542122c.jpg', 12),
(96, '/images/articles/a87ff679a2f3e71d9181a67b7542122c.jpg', 13),
(97, '/images/articles/a87ff679a2f3e71d9181a67b7542122c.jpg', 16),
(98, '/images/articles/8f14e45fceea167a5a36dedd4bea2543.png', 17),
(99, '/images/articles/a87ff679a2f3e71d9181a67b7542122c.png', 18),
(100, '/images/articles/a87ff679a2f3e71d9181a67b7542122c.png', 19),
(101, '/images/articles/a87ff679a2f3e71d9181a67b7542122c.png', 20),
(102, '/images/articles/3c59dc048e8850243be8079a5c74d079.jpg', 21),
(103, '/images/articles/b6d767d2f8ed5d21a44b0e5886680cb9.jpg', 22),
(104, '/images/articles/37693cfc748049e45d87b8c7d8b9aacd.jpg', 23),
(105, '/images/articles/1ff1de774005f8da13f42943881c655f.png', 24),
(106, '/images/articles/8e296a067a37563370ded05f5a3bf3ec.png', 25);

-- --------------------------------------------------------

--
-- Table structure for table `news`
--

CREATE TABLE `news` (
  `id` int(11) NOT NULL,
  `article` varchar(255) NOT NULL,
  `text` text,
  `create` datetime DEFAULT NULL,
  `is_analytic` tinyint(4) DEFAULT NULL,
  `category_id` int(11) NOT NULL
) ENGINE=InnoDB DEFAULT CHARSET=utf8;

--
-- Dumping data for table `news`
--

INSERT INTO `news` (`id`, `article`, `text`, `create`, `is_analytic`, `category_id`) VALUES
(7, 'Ющенко уже давно не президетн', 'бджоли', NULL, NULL, 4),
(8, 'asd', 'norm', NULL, NULL, 5),
(9, 'Экономика сраны под угрозой', 'necessitatibus, cumque numquam consequuntur perspiciatis pariatur at ut expedita quibusdam totam. Recusandae nesciunt enim, pariatur assumenda laboriosam debitis beatae fuga natus vero voluptatibus libero error, aut non tempore provident quidem dolor illum, cupiditate consequuntur. Tempora hic, doloremque porro pariatur quis perspiciatis ipsum voluptate earum deserunt facilis! Natus dolor, impedit aspernatur officia aliquam est quisquam debitis voluptatibus ullam ratione. Maxime corrupti impedit animi enim? Ducimus est officiis eum sed, nihil minus sint modi beatae veritatis illum asperiores aut id, delectus optio facilis voluptatum maxime nobis et odit enim doloribus ea. Assumenda porro corrupti, debitis! Tempora ea minus dolorem possimus molestias quaerat, vel adipisci doloribus in doloremque quasi, voluptatem debitis harum neque qui ipsum ratione accusantium maiores dignissimos a. Aut est magni dignissimos perspiciatis ratione quod quam repellat harum odit. Sequi praesentium accusantium beatae eligendi laboriosam facilis inventore, odio reiciendis assumenda necessitatibus sunt accusamus officiis hic rem sint, quis quasi alias numquam dignissimos omnis earum! Ad rerum possimus aliquid provident deserunt corporis at voluptatem, esse aperiam voluptate, quod fuga alias sint impedit, maxime sed obcaecati. Ipsam aut voluptatibus ipsum deserunt iure. Natus laboriosam ullam doloribus iusto minima et maiores incidunt, architecto atque, porro, veniam ut vel laborum aut quasi quam at! Ratione quisquam quos aut voluptas voluptates repellat odio ab, placeat culpa, rerum laudantium. Totam necessitatibus odio magni praesentium nostrum numquam dolores mollitia! Impedit possimus numquam quae reiciendis, cum eius magni fuga cumque, sapiente labore ducimus exercitationem rem ad inventore quia officia itaque! Ipsa quo eius qui eveniet odio. Nesciunt sapiente similique perferendis reiciendis odit doloribus enim laudantium distinctio vitae, beatae atque in odio dolore quisquam optio quibusdam impedit, maxime voluptatibus mollitia! In voluptatibus totam doloribus pariatur labore.', NULL, NULL, 6),
(10, 'Зрада 4', 'rem ipsum dolor sit amet, consectetur adipisicing elit. Minima iusto, amet eum voluptatum illo iure similique. Unde repellat neque obcaecati sunt tempore provident, aspernatur necessitatibus, cumque numquam consequuntur perspiciatis pariatur at ut expedita quibusdam totam. Recusandae nesciunt enim, pariatur assumenda laboriosam debitis beatae fuga natus vero voluptatibus libero error, aut non tempore provident quidem dolor illum, cupiditate consequuntur. Tempora hic, doloremque porro pariatur quis perspiciatis ipsum voluptate earum deserunt facilis! Natus dolor, impedit aspernatur officia aliquam est quisquam debitis voluptatibus ullam ratione. Maxime corrupti impedit animi enim? Ducimus est officiis eum sed, nihil minus sint modi beatae veritatis illum asperiores aut id, delectus optio facilis voluptatum maxime nobis et odit enim doloribus ea. Assumenda porro corrupti, debitis! Tempora ea minus dolorem possimus molestias quaerat, vel adipisci doloribus in doloremque quasi, voluptatem debitis harum neque qui ipsum ratione accusantium maiores dignissimos a. Aut est magni dignissimos perspiciatis ratione quod quam repellat harum odit. Sequi praesentium accusantium beatae eligendi laboriosam facilis inventore, odio reiciendis assumenda necessitatibus sunt accusamus officiis hic rem sint, quis quasi alias numquam dignissimos omnis earum! Ad rerum possimus aliquid provident deserunt corporis at voluptatem, esse aperiam voluptate, quod fuga alias sint impedit, maxime sed obcaecati. Ipsam aut voluptatibus ipsum deserunt iure. Natus laboriosam ullam doloribus iusto minima et maiores incidunt, architecto atque, porro, veniam ut vel laborum aut quasi quam at! Ratione quisquam quos aut voluptas voluptates repellat odio ab, placeat culpa, rerum laudantium. Totam necessitatibus odio magni praesentium nostrum numquam dolores mollitia! Impedit possimus numquam quae reiciendis, cum eius magni fuga cumque, sapiente labore ducimus exercitationem rem ad inventore quia officia itaque! Ipsa quo eius qui eveniet odio. Nesciunt sapiente similique perferendis reiciendis odit d\r\n\r\nrem ipsum dolor sit amet, consectetur adipisicing elit. Minima iusto, amet eum voluptatum illo iure similique. Unde repellat neque obcaecati sunt tempore provident, aspernatur necessitatibus, cumque numquam consequuntur perspiciatis pariatur at ut expedita quibusdam totam. Recusandae nesciunt enim, pariatur assumenda laboriosam debitis beatae fuga natus vero voluptatibus libero error, aut non tempore provident quidem dolor illum, cupiditate consequuntur. Tempora hic, doloremque porro pariatur quis perspiciatis ipsum voluptate earum deserunt facilis! Natus dolor, impedit aspernatur officia aliquam est quisquam debitis voluptatibus ullam ratione. Maxime corrupti impedit animi enim? Ducimus est officiis eum sed, nihil minus sint modi beatae veritatis illum asperiores aut id, delectus optio facilis voluptatum maxime nobis et odit enim doloribus ea. Assumenda porro corrupti, debitis! Tempora ea minus dolorem possimus molestias quaerat, vel adipisci doloribus in doloremque quasi, voluptatem debitis harum neque qui ipsum ratione accusantium maiores dignissimos a. Aut est magni dignissimos perspiciatis ratione quod quam repellat harum odit. Sequi praesentium accusantium beatae eligendi laboriosam facilis inventore, odio reiciendis assumenda necessitatibus sunt accusamus officiis hic rem sint, quis quasi alias numquam dignissimos omnis earum! Ad rerum possimus aliquid provident deserunt corporis at voluptatem, esse aperiam voluptate, quod fuga alias sint impedit, maxime sed obcaecati. Ipsam aut voluptatibus ipsum deserunt iure. Natus laboriosam ullam doloribus iusto minima et maiores incidunt, architecto atque, porro, veniam ut vel laborum aut quasi quam at! Ratione quisquam quos aut voluptas voluptates repellat odio ab, placeat culpa, rerum laudantium. Totam necessitatibus odio magni praesentium nostrum numquam dolores mollitia! Impedit possimus numquam quae reiciendis, cum eius magni fuga cumque, sapiente labore ducimus exercitationem rem ad inventore quia officia itaque! Ipsa quo eius qui eveniet odio. Nesciunt sapiente similique perferendis reiciendis odit d\r\n\r\nrem ipsum dolor sit amet, consectetur adipisicing elit. Minima iusto, amet eum voluptatum illo iure similique. Unde repellat neque obcaecati sunt tempore provident, aspernatur necessitatibus, cumque numquam consequuntur perspiciatis pariatur at ut expedita quibusdam totam. Recusandae nesciunt enim, pariatur assumenda laboriosam debitis beatae fuga natus vero voluptatibus libero error, aut non tempore provident quidem dolor illum, cupiditate consequuntur. Tempora hic, doloremque porro pariatur quis perspiciatis ipsum voluptate earum deserunt facilis! Natus dolor, impedit aspernatur officia aliquam est quisquam debitis voluptatibus ullam ratione. Maxime corrupti impedit animi enim? Ducimus est officiis eum sed, nihil minus sint modi beatae veritatis illum asperiores aut id, delectus optio facilis voluptatum maxime nobis et odit enim doloribus ea. Assumenda porro corrupti, debitis! Tempora ea minus dolorem possimus molestias quaerat, vel adipisci doloribus in doloremque quasi, voluptatem debitis harum neque qui ipsum ratione accusantium maiores dignissimos a. Aut est magni dignissimos perspiciatis ratione quod quam repellat harum odit. Sequi praesentium accusantium beatae eligendi laboriosam facilis inventore, odio reiciendis assumenda necessitatibus sunt accusamus officiis hic rem sint, quis quasi alias numquam dignissimos omnis earum! Ad rerum possimus aliquid provident deserunt corporis at voluptatem, esse aperiam voluptate, quod fuga alias sint impedit, maxime sed obcaecati. Ipsam aut voluptatibus ipsum deserunt iure. Natus laboriosam ullam doloribus iusto minima et maiores incidunt, architecto atque, porro, veniam ut vel laborum aut quasi quam at! Ratione quisquam quos aut voluptas voluptates repellat odio ab, placeat culpa, rerum laudantium. Totam necessitatibus odio magni praesentium nostrum numquam dolores mollitia! Impedit possimus numquam quae reiciendis, cum eius magni fuga cumque, sapiente labore ducimus exercitationem rem ad inventore quia officia itaque! Ipsa quo eius qui eveniet odio. Nesciunt sapiente similique perferendis reiciendis odit d', NULL, NULL, 4),
(11, 'Про флаг Украины', 'ipsum dolor sit amet, consectetur adipisicing elit. Magni expedita eligendi incidunt aut officia alias iure quos sit reprehenderit animi?\r\n\r\nLorem ipsum dolor sit amet, consectetur adipisicing elit. Minima iusto, amet eum voluptatum illo iure similique. Unde repellat neque obcaecati sunt tempore provident, aspernatur necessitatibus, cumque numquam consequuntur perspiciatis pariatur at ut expedita quibusdam totam. Recusandae nesciunt enim, pariatur assumenda laboriosam debitis beatae fuga natus vero voluptatibus libero error, aut non tempore provident quidem dolor illum, cupiditate consequuntur. Tempora hic, doloremque porro pariatur quis perspiciatis ipsum voluptate earum deserunt facilis! Natus dolor, impedit aspernatur officia aliquam est quisquam debitis voluptatibus ullam ratione. Maxime corrupti impedit animi enim? Ducimus est officiis eum sed, nihil minus sint modi beatae veritatis illum asperiores aut id, delectus optio facilis voluptatum maxime nobis et odit enim doloribus ea. Assumenda porro corrupti, debitis! Tempora ea minus dolorem possimus molestias quaerat, vel adipisci doloribus in doloremque quasi, voluptatem debitis harum neque qui ipsum ratione accusantium maiores dignissimos a. Aut est magni dignissimos perspiciatis ratione quod quam repellat harum odit. Sequi praesentium accusantium beatae eligendi laboriosam \r\nipsum dolor sit amet, consectetur adipisicing elit. Magni expedita eligendi incidunt aut officia alias iure quos sit reprehenderit animi?\r\n\r\nLorem ipsum dolor sit amet, consectetur adipisicing elit. Minima iusto, amet eum voluptatum illo iure similique. Unde repellat neque obcaecati sunt tempore provident, aspernatur necessitatibus, cumque numquam consequuntur perspiciatis pariatur at ut expedita quibusdam totam. Recusandae nesciunt enim, pariatur assumenda laboriosam debitis beatae fuga natus vero voluptatibus libero error, aut non tempore provident quidem dolor illum, cupiditate consequuntur. Tempora hic, doloremque porro pariatur quis perspiciatis ipsum voluptate earum deserunt facilis! Natus dolor, impedit aspernatur officia aliquam est quisquam debitis voluptatibus ullam ratione. Maxime corrupti impedit animi enim? Ducimus est officiis eum sed, nihil minus sint modi beatae veritatis illum asperiores aut id, delectus optio facilis voluptatum maxime nobis et odit enim doloribus ea. Assumenda porro corrupti, debitis! Tempora ea minus dolorem possimus molestias quaerat, vel adipisci doloribus in doloremque quasi, voluptatem debitis harum neque qui ipsum ratione accusantium maiores dignissimos a. Aut est magni dignissimos perspiciatis ratione quod quam repellat harum odit. Sequi praesentium accusantium beatae eligendi laboriosam \r\n\r\nipsum dolor sit amet, consectetur adipisicing elit. Magni expedita eligendi incidunt aut officia alias iure quos sit reprehenderit animi?\r\n\r\nLorem ipsum dolor sit amet, consectetur adipisicing elit. Minima iusto, amet eum voluptatum illo iure similique. Unde repellat neque obcaecati sunt tempore provident, aspernatur necessitatibus, cumque numquam consequuntur perspiciatis pariatur at ut expedita quibusdam totam. Recusandae nesciunt enim, pariatur assumenda laboriosam debitis beatae fuga natus vero voluptatibus libero error, aut non tempore provident quidem dolor illum, cupiditate consequuntur. Tempora hic, doloremque porro pariatur quis perspiciatis ipsum voluptate earum deserunt facilis! Natus dolor, impedit aspernatur officia aliquam est quisquam debitis voluptatibus ullam ratione. Maxime corrupti impedit animi enim? Ducimus est officiis eum sed, nihil minus sint modi beatae veritatis illum asperiores aut id, delectus optio facilis voluptatum maxime nobis et odit enim doloribus ea. Assumenda porro corrupti, debitis! Tempora ea minus dolorem possimus molestias quaerat, vel adipisci doloribus in doloremque quasi, voluptatem debitis harum neque qui ipsum ratione accusantium maiores dignissimos a. Aut est magni dignissimos perspiciatis ratione quod quam repellat harum odit. Sequi praesentium accusantium beatae eligendi laboriosam \r\n\r\nipsum dolor sit amet, consectetur adipisicing elit. Magni expedita eligendi incidunt aut officia alias iure quos sit reprehenderit animi?\r\n\r\nLorem ipsum dolor sit amet, consectetur adipisicing elit. Minima iusto, amet eum voluptatum illo iure similique. Unde repellat neque obcaecati sunt tempore provident, aspernatur necessitatibus, cumque numquam consequuntur perspiciatis pariatur at ut expedita quibusdam totam. Recusandae nesciunt enim, pariatur assumenda laboriosam debitis beatae fuga natus vero voluptatibus libero error, aut non tempore provident quidem dolor illum, cupiditate consequuntur. Tempora hic, doloremque porro pariatur quis perspiciatis ipsum voluptate earum deserunt facilis! Natus dolor, impedit aspernatur officia aliquam est quisquam debitis voluptatibus ullam ratione. Maxime corrupti impedit animi enim? Ducimus est officiis eum sed, nihil minus sint modi beatae veritatis illum asperiores aut id, delectus optio facilis voluptatum maxime nobis et odit enim doloribus ea. Assumenda porro corrupti, debitis! Tempora ea minus dolorem possimus molestias quaerat, vel adipisci doloribus in doloremque quasi, voluptatem debitis harum neque qui ipsum ratione accusantium maiores dignissimos a. Aut est magni dignissimos perspiciatis ratione quod quam repellat harum odit. Sequi praesentium accusantium beatae eligendi laboriosam', NULL, NULL, 4),
(12, 'Еще одна новость', 'ovident, aspernatur necessitatibus, cumque numquam consequuntur perspiciatis pariatur at ut expedita quibusdam totam. Recusandae nesciunt enim, pariatur assumenda laboriosam debitis beatae fuga natus vero voluptatibus libero error, aut non tempore provident quidem dolor illum, cupiditate consequuntur. Tempora hic, doloremque porro pariatur quis perspiciatis ipsum voluptate earum deserunt facilis! Natus dolor, impedit aspernatur officia aliquam est quisquam debitis voluptatibus ullam ratione. Maxime corrupti impedit animi enim? Ducimus est officiis eum sed, nihil minus sint modi beatae veritatis illum asperiores aut id, delectus optio facilis voluptatum maxime nobis et odit enim doloribus ea. Assumenda porro corrupti, debitis! Tempora ea minus dolorem possimus molestias quaerat, vel adipisci doloribus in doloremque quasi, voluptatem debitis harum neque qui ipsum ratione accusantium maiores dignissimos a. Aut est magni dignissimos perspiciatis ratione quod quam repellat harum odit. Sequi praesentium accusantium beatae eligendi laboriosam facilis inventore, odio reiciendis assumenda necessitatibus sunt accusamus officiis hic rem sint, quis quasi alias numquam dignissimos omnis earum! Ad rerum possimus aliquid provident deserunt corporis at voluptatem, esse aperiam voluptate, quod fuga alias sint impedit, maxime sed obcaecati. Ipsam aut voluptatibus ipsum deserunt iure. Natus laboriosam ullam doloribus iusto minima et maiores incidunt, architecto atque, porro, veniam ut vel laborum aut quasi quam at! Ratione quisquam quos aut voluptas voluptates repellat odio ab, placeat culpa, rerum laudantium. Totam necessitatibus odio magni praesentium nostrum numquam dolores mollitia! Impedit possimus numquam quae reiciendis, cum eius magni fuga cumque, sapiente labore ducimus exercitationem rem ad inventore quia officia itaque! Ipsa quo eius qui eveniet odio. Nesciunt sapiente similique perferendis reiciendis odi\r\n\r\novident, aspernatur necessitatibus, cumque numquam consequuntur perspiciatis pariatur at ut expedita quibusdam totam. Recusandae nesciunt enim, pariatur assumenda laboriosam debitis beatae fuga natus vero voluptatibus libero error, aut non tempore provident quidem dolor illum, cupiditate consequuntur. Tempora hic, doloremque porro pariatur quis perspiciatis ipsum voluptate earum deserunt facilis! Natus dolor, impedit aspernatur officia aliquam est quisquam debitis voluptatibus ullam ratione. Maxime corrupti impedit animi enim? Ducimus est officiis eum sed, nihil minus sint modi beatae veritatis illum asperiores aut id, delectus optio facilis voluptatum maxime nobis et odit enim doloribus ea. Assumenda porro corrupti, debitis! Tempora ea minus dolorem possimus molestias quaerat, vel adipisci doloribus in doloremque quasi, voluptatem debitis harum neque qui ipsum ratione accusantium maiores dignissimos a. Aut est magni dignissimos perspiciatis ratione quod quam repellat harum odit. Sequi praesentium accusantium beatae eligendi laboriosam facilis inventore, odio reiciendis assumenda necessitatibus sunt accusamus officiis hic rem sint, quis quasi alias numquam dignissimos omnis earum! Ad rerum possimus aliquid provident deserunt corporis at voluptatem, esse aperiam voluptate, quod fuga alias sint impedit, maxime sed obcaecati. Ipsam aut voluptatibus ipsum deserunt iure. Natus laboriosam ullam doloribus iusto minima et maiores incidunt, architecto atque, porro, veniam ut vel laborum aut quasi quam at! Ratione quisquam quos aut voluptas voluptates repellat odio ab, placeat culpa, rerum laudantium. Totam necessitatibus odio magni praesentium nostrum numquam dolores mollitia! Impedit possimus numquam quae reiciendis, cum eius magni fuga cumque, sapiente labore ducimus exercitationem rem ad inventore quia officia itaque! Ipsa quo eius qui eveniet odio. Nesciunt sapiente similique perferendis reiciendis odi\r\n\r\novident, aspernatur necessitatibus, cumque numquam consequuntur perspiciatis pariatur at ut expedita quibusdam totam. Recusandae nesciunt enim, pariatur assumenda laboriosam debitis beatae fuga natus vero voluptatibus libero error, aut non tempore provident quidem dolor illum, cupiditate consequuntur. Tempora hic, doloremque porro pariatur quis perspiciatis ipsum voluptate earum deserunt facilis! Natus dolor, impedit aspernatur officia aliquam est quisquam debitis voluptatibus ullam ratione. Maxime corrupti impedit animi enim? Ducimus est officiis eum sed, nihil minus sint modi beatae veritatis illum asperiores aut id, delectus optio facilis voluptatum maxime nobis et odit enim doloribus ea. Assumenda porro corrupti, debitis! Tempora ea minus dolorem possimus molestias quaerat, vel adipisci doloribus in doloremque quasi, voluptatem debitis harum neque qui ipsum ratione accusantium maiores dignissimos a. Aut est magni dignissimos perspiciatis ratione quod quam repellat harum odit. Sequi praesentium accusantium beatae eligendi laboriosam facilis inventore, odio reiciendis assumenda necessitatibus sunt accusamus officiis hic rem sint, quis quasi alias numquam dignissimos omnis earum! Ad rerum possimus aliquid provident deserunt corporis at voluptatem, esse aperiam voluptate, quod fuga alias sint impedit, maxime sed obcaecati. Ipsam aut voluptatibus ipsum deserunt iure. Natus laboriosam ullam doloribus iusto minima et maiores incidunt, architecto atque, porro, veniam ut vel laborum aut quasi quam at! Ratione quisquam quos aut voluptas voluptates repellat odio ab, placeat culpa, rerum laudantium. Totam necessitatibus odio magni praesentium nostrum numquam dolores mollitia! Impedit possimus numquam quae reiciendis, cum eius magni fuga cumque, sapiente labore ducimus exercitationem rem ad inventore quia officia itaque! Ipsa quo eius qui eveniet odio. Nesciunt sapiente similique perferendis reiciendis odi\r\n\r\novident, aspernatur necessitatibus, cumque numquam consequuntur perspiciatis pariatur at ut expedita quibusdam totam. Recusandae nesciunt enim, pariatur assumenda laboriosam debitis beatae fuga natus vero voluptatibus libero error, aut non tempore provident quidem dolor illum, cupiditate consequuntur. Tempora hic, doloremque porro pariatur quis perspiciatis ipsum voluptate earum deserunt facilis! Natus dolor, impedit aspernatur officia aliquam est quisquam debitis voluptatibus ullam ratione. Maxime corrupti impedit animi enim? Ducimus est officiis eum sed, nihil minus sint modi beatae veritatis illum asperiores aut id, delectus optio facilis voluptatum maxime nobis et odit enim doloribus ea. Assumenda porro corrupti, debitis! Tempora ea minus dolorem possimus molestias quaerat, vel adipisci doloribus in doloremque quasi, voluptatem debitis harum neque qui ipsum ratione accusantium maiores dignissimos a. Aut est magni dignissimos perspiciatis ratione quod quam repellat harum odit. Sequi praesentium accusantium beatae eligendi laboriosam facilis inventore, odio reiciendis assumenda necessitatibus sunt accusamus officiis hic rem sint, quis quasi alias numquam dignissimos omnis earum! Ad rerum possimus aliquid provident deserunt corporis at voluptatem, esse aperiam voluptate, quod fuga alias sint impedit, maxime sed obcaecati. Ipsam aut voluptatibus ipsum deserunt iure. Natus laboriosam ullam doloribus iusto minima et maiores incidunt, architecto atque, porro, veniam ut vel laborum aut quasi quam at! Ratione quisquam quos aut voluptas voluptates repellat odio ab, placeat culpa, rerum laudantium. Totam necessitatibus odio magni praesentium nostrum numquam dolores mollitia! Impedit possimus numquam quae reiciendis, cum eius magni fuga cumque, sapiente labore ducimus exercitationem rem ad inventore quia officia itaque! Ipsa quo eius qui eveniet odio. Nesciunt sapiente similique perferendis reiciendis odi\r\n\r\novident, aspernatur necessitatibus, cumque numquam consequuntur perspiciatis pariatur at ut expedita quibusdam totam. Recusandae nesciunt enim, pariatur assumenda laboriosam debitis beatae fuga natus vero voluptatibus libero error, aut non tempore provident quidem dolor illum, cupiditate consequuntur. Tempora hic, doloremque porro pariatur quis perspiciatis ipsum voluptate earum deserunt facilis! Natus dolor, impedit aspernatur officia aliquam est quisquam debitis voluptatibus ullam ratione. Maxime corrupti impedit animi enim? Ducimus est officiis eum sed, nihil minus sint modi beatae veritatis illum asperiores aut id, delectus optio facilis voluptatum maxime nobis et odit enim doloribus ea. Assumenda porro corrupti, debitis! Tempora ea minus dolorem possimus molestias quaerat, vel adipisci doloribus in doloremque quasi, voluptatem debitis harum neque qui ipsum ratione accusantium maiores dignissimos a. Aut est magni dignissimos perspiciatis ratione quod quam repellat harum odit. Sequi praesentium accusantium beatae eligendi laboriosam facilis inventore, odio reiciendis assumenda necessitatibus sunt accusamus officiis hic rem sint, quis quasi alias numquam dignissimos omnis earum! Ad rerum possimus aliquid provident deserunt corporis at voluptatem, esse aperiam voluptate, quod fuga alias sint impedit, maxime sed obcaecati. Ipsam aut voluptatibus ipsum deserunt iure. Natus laboriosam ullam doloribus iusto minima et maiores incidunt, architecto atque, porro, veniam ut vel laborum aut quasi quam at! Ratione quisquam quos aut voluptas voluptates repellat odio ab, placeat culpa, rerum laudantium. Totam necessitatibus odio magni praesentium nostrum numquam dolores mollitia! Impedit possimus numquam quae reiciendis, cum eius magni fuga cumque, sapiente labore ducimus exercitationem rem ad inventore quia officia itaque! Ipsa quo eius qui eveniet odio. Nesciunt sapiente similique perferendis reiciendis odi', NULL, NULL, 4),
(13, 'Цин Ель', 'tur adipisicing elit. Minima iusto, amet eum voluptatum illo iure similique. Unde repellat neque obcaecati sunt tempore provident, aspernatur necessitatibus, cumque numquam consequuntur perspiciatis pariatur at ut expedita quibusdam totam. Recusandae nesciunt enim, pariatur assumenda laboriosam debitis beatae fuga natus vero voluptatibus libero error, aut non tempore provident quidem dolor illum, cupiditate consequuntur. Tempora hic, doloremque porro pariatur quis perspiciatis ipsum voluptate earum deserunt facilis! Natus dolor, impedit aspernatur officia aliquam est quisquam debitis voluptatibus ullam ratione. Maxime corrupti impedit animi enim? Ducimus est officiis eum sed, nihil minus sint modi beatae veritatis illum asperiores aut id, delectus optio facilis voluptatum maxime nobis et odit enim doloribus ea. Assumenda porro corrupti, debitis! Tempora ea minus dolorem possimus molestias quaerat, vel adipisci doloribus in doloremque quasi, voluptatem debitis harum neque qui ipsum ratione accusantium maiores dignissimos a. Aut est magni dignissimos perspiciatis ratione quod quam repellat harum odit. Sequi praesentium accusantium beatae eligendi laboriosam facilis inventore, odio reiciendis assumenda necessitatibus sunt accusamus officiis hic rem sint, quis quasi alias numquam dignissimos omnis earum! Ad rerum possimus aliquid provident deserunt corporis at voluptatem, esse aperiam voluptate, quod fuga alias sint impedit, maxime sed obcaecati. Ipsam aut voluptatibus ipsum deserunt iure. Natus laboriosam ullam doloribus iusto minima et maiores incidunt, architecto atque, porro, veniam ut vel laborum aut quasi quam at! Ratione quisquam quos aut voluptas voluptates repellat odio ab, placeat culpa, rerum laudantium. Totam necessitatibus odio magni praesentium nostrum numquam dolores mollitia! Impedit possimus numquam quae reiciendis, cum eius magni fuga cumque, sapiente labore ducimus exercitationem rem ad inventore quia officia itaque! Ipsa quo eius qui eveniet odio. Nesciunt sapiente similique perferendis reiciendis odit doloribus enim laudantium distinctio vitae, beatae atque in odio dolore quisquam optio quibusdam impedit, maxime voluptatibus mollitia! In voluptatibus totam doloribus pariatur labore.', NULL, NULL, 4),
(14, 'Новая статья подномером 6', 'tur adipisicing elit. Minima iusto, amet eum voluptatum illo iure similique. Unde repellat neque obcaecati sunt tempore provident, aspernatur necessitatibus, cumque numquam consequuntur perspiciatis pariatur at ut expedita quibusdam totam. Recusandae nesciunt enim, pariatur assumenda laboriosam debitis beatae fuga natus vero voluptatibus libero error, aut non tempore provident quidem dolor illum, cupiditate consequuntur. Tempora hic, doloremque porro pariatur quis perspiciatis ipsum voluptate earum deserunt facilis! Natus dolor, impedit aspernatur officia aliquam est quisquam debitis voluptatibus ullam ratione. Maxime corrupti impedit animi enim? Ducimus est officiis eum sed, nihil minus sint modi beatae veritatis illum asperiores aut id, delectus optio facilis voluptatum maxime nobis et odit enim doloribus ea. Assumenda porro corrupti, debitis! Tempora ea minus dolorem possimus molestias quaerat, vel adipisci doloribus in doloremque quasi, voluptatem debitis harum neque qui ipsum ratione accusantium maiores dignissimos a. Aut est magni dignissimos perspiciatis ratione quod quam repellat harum odit. Sequi praesentium accusantium beatae eligendi laboriosam facilis inventore, odio reiciendis assumenda necessitatibus sunt accusamus officiis hic rem sint, quis quasi alias numquam dignissimos omnis earum! Ad rerum possimus aliquid provident deserunt corporis at voluptatem, esse aperiam voluptate, quod fuga alias sint impedit, maxime sed obcaecati. Ipsam aut voluptatibus ipsum deserunt iure. Natus laboriosam ullam doloribus iusto minima et maiores incidunt, architecto atque, porro, veniam ut vel laborum aut quasi quam at! Ratione quisquam quos aut voluptas voluptates repellat odio ab, placeat culpa, rerum laudantium. Totam necessitatibus odio magni praesentium nostrum numquam dolores mollitia! Impedit possimus numquam quae reiciendis, cum eius magni fuga cumque, sapiente labore ducimus exercitationem rem ad inventore quia officia itaque! Ipsa quo eius qui eveniet odio. Nesciunt sapiente similique perferendis reiciendis odit doloribus enim laudantium distinctio vitae, beatae atque in odio dolore quisquam optio quibusdam impedit, maxime voluptatibus mollitia! In voluptatibus totam doloribus pariatur labore.tur adipisicing elit. Minima iusto, amet eum voluptatum illo iure similique. Unde repellat neque obcaecati sunt tempore provident, aspernatur necessitatibus, cumque numquam consequuntur perspiciatis pariatur at ut expedita quibusdam totam. Recusandae nesciunt enim, pariatur assumenda laboriosam debitis beatae fuga natus vero voluptatibus libero error, aut non tempore provident quidem dolor illum, cupiditate consequuntur. Tempora hic, doloremque porro pariatur quis perspiciatis ipsum voluptate earum deserunt facilis! Natus dolor, impedit aspernatur officia aliquam est quisquam debitis voluptatibus ullam ratione. Maxime corrupti impedit animi enim? Ducimus est officiis eum sed, nihil minus sint modi beatae veritatis illum asperiores aut id, delectus optio facilis voluptatum maxime nobis et odit enim doloribus ea. Assumenda porro corrupti, debitis! Tempora ea minus dolorem possimus molestias quaerat, vel adipisci doloribus in doloremque quasi, voluptatem debitis harum neque qui ipsum ratione accusantium maiores dignissimos a. Aut est magni dignissimos perspiciatis ratione quod quam repellat harum odit. Sequi praesentium accusantium beatae eligendi laboriosam facilis inventore, odio reiciendis assumenda necessitatibus sunt accusamus officiis hic rem sint, quis quasi alias numquam dignissimos omnis earum! Ad rerum possimus aliquid provident deserunt corporis at voluptatem, esse aperiam voluptate, quod fuga alias sint impedit, maxime sed obcaecati. Ipsam aut voluptatibus ipsum deserunt iure. Natus laboriosam ullam doloribus iusto minima et maiores incidunt, architecto atque, porro, veniam ut vel laborum aut quasi quam at! Ratione quisquam quos aut voluptas voluptates repellat odio ab, placeat culpa, rerum laudantium. Totam necessitatibus odio magni praesentium nostrum numquam dolores mollitia! Impedit possimus numquam quae reiciendis, cum eius magni fuga cumque, sapiente labore ducimus exercitationem rem ad inventore quia officia itaque! Ipsa quo eius qui eveniet odio. Nesciunt sapiente similique perferendis reiciendis odit doloribus enim laudantium distinctio vitae, beatae atque in odio dolore quisquam optio quibusdam impedit, maxime voluptatibus mollitia! In voluptatibus totam doloribus pariatur labore.tur adipisicing elit. Minima iusto, amet eum voluptatum illo iure similique. Unde repellat neque obcaecati sunt tempore provident, aspernatur necessitatibus, cumque numquam consequuntur perspiciatis pariatur at ut expedita quibusdam totam. Recusandae nesciunt enim, pariatur assumenda laboriosam debitis beatae fuga natus vero voluptatibus libero error, aut non tempore provident quidem dolor illum, cupiditate consequuntur. Tempora hic, doloremque porro pariatur quis perspiciatis ipsum voluptate earum deserunt facilis! Natus dolor, impedit aspernatur officia aliquam est quisquam debitis voluptatibus ullam ratione. Maxime corrupti impedit animi enim? Ducimus est officiis eum sed, nihil minus sint modi beatae veritatis illum asperiores aut id, delectus optio facilis voluptatum maxime nobis et odit enim doloribus ea. Assumenda porro corrupti, debitis! Tempora ea minus dolorem possimus molestias quaerat, vel adipisci doloribus in doloremque quasi, voluptatem debitis harum neque qui ipsum ratione accusantium maiores dignissimos a. Aut est magni dignissimos perspiciatis ratione quod quam repellat harum odit. Sequi praesentium accusantium beatae eligendi laboriosam facilis inventore, odio reiciendis assumenda necessitatibus sunt accusamus officiis hic rem sint, quis quasi alias numquam dignissimos omnis earum! Ad rerum possimus aliquid provident deserunt corporis at voluptatem, esse aperiam voluptate, quod fuga alias sint impedit, maxime sed obcaecati. Ipsam aut voluptatibus ipsum deserunt iure. Natus laboriosam ullam doloribus iusto minima et maiores incidunt, architecto atque, porro, veniam ut vel laborum aut quasi quam at! Ratione quisquam quos aut voluptas voluptates repellat odio ab, placeat culpa, rerum laudantium. Totam necessitatibus odio magni praesentium nostrum numquam dolores mollitia! Impedit possimus numquam quae reiciendis, cum eius magni fuga cumque, sapiente labore ducimus exercitationem rem ad inventore quia officia itaque! Ipsa quo eius qui eveniet odio. Nesciunt sapiente similique perferendis reiciendis odit doloribus enim laudantium distinctio vitae, beatae atque in odio dolore quisquam optio quibusdam impedit, maxime voluptatibus mollitia! In voluptatibus totam doloribus pariatur labore.tur adipisicing elit. Minima iusto, amet eum voluptatum illo iure similique. Unde repellat neque obcaecati sunt tempore provident, aspernatur necessitatibus, cumque numquam consequuntur perspiciatis pariatur at ut expedita quibusdam totam. Recusandae nesciunt enim, pariatur assumenda laboriosam debitis beatae fuga natus vero voluptatibus libero error, aut non tempore provident quidem dolor illum, cupiditate consequuntur. Tempora hic, doloremque porro pariatur quis perspiciatis ipsum voluptate earum deserunt facilis! Natus dolor, impedit aspernatur officia aliquam est quisquam debitis voluptatibus ullam ratione. Maxime corrupti impedit animi enim? Ducimus est officiis eum sed, nihil minus sint modi beatae veritatis illum asperiores aut id, delectus optio facilis voluptatum maxime nobis et odit enim doloribus ea. Assumenda porro corrupti, debitis! Tempora ea minus dolorem possimus molestias quaerat, vel adipisci doloribus in doloremque quasi, voluptatem debitis harum neque qui ipsum ratione accusantium maiores dignissimos a. Aut est magni dignissimos perspiciatis ratione quod quam repellat harum odit. Sequi praesentium accusantium beatae eligendi laboriosam facilis inventore, odio reiciendis assumenda necessitatibus sunt accusamus officiis hic rem sint, quis quasi alias numquam dignissimos omnis earum! Ad rerum possimus aliquid provident deserunt corporis at voluptatem, esse aperiam voluptate, quod fuga alias sint impedit, maxime sed obcaecati. Ipsam aut voluptatibus ipsum deserunt iure. Natus laboriosam ullam doloribus iusto minima et maiores incidunt, architecto atque, porro, veniam ut vel laborum aut quasi quam at! Ratione quisquam quos aut voluptas voluptates repellat odio ab, placeat culpa, rerum laudantium. Totam necessitatibus odio magni praesentium nostrum numquam dolores mollitia! Impedit possimus numquam quae reiciendis, cum eius magni fuga cumque, sapiente labore ducimus exercitationem rem ad inventore quia officia itaque! Ipsa quo eius qui eveniet odio. Nesciunt sapiente similique perferendis reiciendis odit doloribus enim laudantium distinctio vitae, beatae atque in odio dolore quisquam optio quibusdam impedit, maxime voluptatibus mollitia! In voluptatibus totam doloribus pariatur labore.tur adipisicing elit. Minima iusto, amet eum voluptatum illo iure similique. Unde repellat neque obcaecati sunt tempore provident, aspernatur necessitatibus, cumque numquam consequuntur perspiciatis pariatur at ut expedita quibusdam totam. Recusandae nesciunt enim, pariatur assumenda laboriosam debitis beatae fuga natus vero voluptatibus libero error, aut non tempore provident quidem dolor illum, cupiditate consequuntur. Tempora hic, doloremque porro pariatur quis perspiciatis ipsum voluptate earum deserunt facilis! Natus dolor, impedit aspernatur officia aliquam est quisquam debitis voluptatibus ullam ratione. Maxime corrupti impedit animi enim? Ducimus est officiis eum sed, nihil minus sint modi beatae veritatis illum asperiores aut id, delectus optio facilis voluptatum maxime nobis et odit enim doloribus ea. Assumenda porro corrupti, debitis! Tempora ea minus dolorem possimus molestias quaerat, vel adipisci doloribus in doloremque quasi, voluptatem debitis harum neque qui ipsum ratione accusantium maiores dignissimos a. Aut est magni dignissimos perspiciatis ratione quod quam repellat harum odit. Sequi praesentium accusantium beatae eligendi laboriosam facilis inventore, odio reiciendis assumenda necessitatibus sunt accusamus officiis hic rem sint, quis quasi alias numquam dignissimos omnis earum! Ad rerum possimus aliquid provident deserunt corporis at voluptatem, esse aperiam voluptate, quod fuga alias sint impedit, maxime sed obcaecati. Ipsam aut voluptatibus ipsum deserunt iure. Natus laboriosam ullam doloribus iusto minima et maiores incidunt, architecto atque, porro, veniam ut vel laborum aut quasi quam at! Ratione quisquam quos aut voluptas voluptates repellat odio ab, placeat culpa, rerum laudantium. Totam necessitatibus odio magni praesentium nostrum numquam dolores mollitia! Impedit possimus numquam quae reiciendis, cum eius magni fuga cumque, sapiente labore ducimus exercitationem rem ad inventore quia officia itaque! Ipsa quo eius qui eveniet odio. Nesciunt sapiente similique perferendis reiciendis odit doloribus enim laudantium distinctio vitae, beatae atque in odio dolore quisquam optio quibusdam impedit, maxime voluptatibus mollitia! In voluptatibus totam doloribus pariatur labore.tur adipisicing elit. Minima iusto, amet eum voluptatum illo iure similique. Unde repellat neque obcaecati sunt tempore provident, aspernatur necessitatibus, cumque numquam consequuntur perspiciatis pariatur at ut expedita quibusdam totam. Recusandae nesciunt enim, pariatur assumenda laboriosam debitis beatae fuga natus vero voluptatibus libero error, aut non tempore provident quidem dolor illum, cupiditate consequuntur. Tempora hic, doloremque porro pariatur quis perspiciatis ipsum voluptate earum deserunt facilis! Natus dolor, impedit aspernatur officia aliquam est quisquam debitis voluptatibus ullam ratione. Maxime corrupti impedit animi enim? Ducimus est officiis eum sed, nihil minus sint modi beatae veritatis illum asperiores aut id, delectus optio facilis voluptatum maxime nobis et odit enim doloribus ea. Assumenda porro corrupti, debitis! Tempora ea minus dolorem possimus molestias quaerat, vel adipisci doloribus in doloremque quasi, voluptatem debitis harum neque qui ipsum ratione accusantium maiores dignissimos a. Aut est magni dignissimos perspiciatis ratione quod quam repellat harum odit. Sequi praesentium accusantium beatae eligendi laboriosam facilis inventore, odio reiciendis assumenda necessitatibus sunt accusamus officiis hic rem sint, quis quasi alias numquam dignissimos omnis earum! Ad rerum possimus aliquid provident deserunt corporis at voluptatem, esse aperiam voluptate, quod fuga alias sint impedit, maxime sed obcaecati. Ipsam aut voluptatibus ipsum deserunt iure. Natus laboriosam ullam doloribus iusto minima et maiores incidunt, architecto atque, porro, veniam ut vel laborum aut quasi quam at! Ratione quisquam quos aut voluptas voluptates repellat odio ab, placeat culpa, rerum laudantium. Totam necessitatibus odio magni praesentium nostrum numquam dolores mollitia! Impedit possimus numquam quae reiciendis, cum eius magni fuga cumque, sapiente labore ducimus exercitationem rem ad inventore quia officia itaque! Ipsa quo eius qui eveniet odio. Nesciunt sapiente similique perferendis reiciendis odit doloribus enim laudantium distinctio vitae, beatae atque in odio dolore quisquam optio quibusdam impedit, maxime voluptatibus mollitia! In voluptatibus totam doloribus pariatur labore.tur adipisicing elit. Minima iusto, amet eum voluptatum illo iure similique. Unde repellat neque obcaecati sunt tempore provident, aspernatur necessitatibus, cumque numquam consequuntur perspiciatis pariatur at ut expedita quibusdam totam. Recusandae nesciunt enim, pariatur assumenda laboriosam debitis beatae fuga natus vero voluptatibus libero error, aut non tempore provident quidem dolor illum, cupiditate consequuntur. Tempora hic, doloremque porro pariatur quis perspiciatis ipsum voluptate earum deserunt facilis! Natus dolor, impedit aspernatur officia aliquam est quisquam debitis voluptatibus ullam ratione. Maxime corrupti impedit animi enim? Ducimus est officiis eum sed, nihil minus sint modi beatae veritatis illum asperiores aut id, delectus optio facilis voluptatum maxime nobis et odit enim doloribus ea. Assumenda porro corrupti, debitis! Tempora ea minus dolorem possimus molestias quaerat, vel adipisci doloribus in doloremque quasi, voluptatem debitis harum neque qui ipsum ratione accusantium maiores dignissimos a. Aut est magni dignissimos perspiciatis ratione quod quam repellat harum odit. Sequi praesentium accusantium beatae eligendi laboriosam facilis inventore, odio reiciendis assumenda necessitatibus sunt accusamus officiis hic rem sint, quis quasi alias numquam dignissimos omnis earum! Ad rerum possimus aliquid provident deserunt corporis at voluptatem, esse aperiam voluptate, quod fuga alias sint impedit, maxime sed obcaecati. Ipsam aut voluptatibus ipsum deserunt iure. Natus laboriosam ullam doloribus iusto minima et maiores incidunt, architecto atque, porro, veniam ut vel laborum aut quasi quam at! Ratione quisquam quos aut voluptas voluptates repellat odio ab, placeat culpa, rerum laudantium. Totam necessitatibus odio magni praesentium nostrum numquam dolores mollitia! Impedit possimus numquam quae reiciendis, cum eius magni fuga cumque, sapiente labore ducimus exercitationem rem ad inventore quia officia itaque! Ipsa quo eius qui eveniet odio. Nesciunt sapiente similique perferendis reiciendis odit doloribus enim laudantium distinctio vitae, beatae atque in odio dolore quisquam optio quibusdam impedit, maxime voluptatibus mollitia! In voluptatibus totam doloribus pariatur labore.tur adipisicing elit. Minima iusto, amet eum voluptatum illo iure similique. Unde repellat neque obcaecati sunt tempore provident, aspernatur necessitatibus, cumque numquam consequuntur perspiciatis pariatur at ut expedita quibusdam totam. Recusandae nesciunt enim, pariatur assumenda laboriosam debitis beatae fuga natus vero voluptatibus libero error, aut non tempore provident quidem dolor illum, cupiditate consequuntur. Tempora hic, doloremque porro pariatur quis perspiciatis ipsum voluptate earum deserunt facilis! Natus dolor, impedit aspernatur officia aliquam est quisquam debitis voluptatibus ullam ratione. Maxime corrupti impedit animi enim? Ducimus est officiis eum sed, nihil minus sint modi beatae veritatis illum asperiores aut id, delectus optio facilis voluptatum maxime nobis et odit enim doloribus ea. Assumenda porro corrupti, debitis! Tempora ea minus dolorem possimus molestias quaerat, vel adipisci doloribus in doloremque quasi, voluptatem debitis harum neque qui ipsum ratione accusantium maiores dignissimos a. Aut est magni dignissimos perspiciatis ratione quod quam repellat harum odit. Sequi praesentium accusantium beatae eligendi laboriosam facilis inventore, odio reiciendis assumenda necessitatibus sunt accusamus officiis hic rem sint, quis quasi alias numquam dignissimos omnis earum! Ad rerum possimus aliquid provident deserunt corporis at voluptatem, esse aperiam voluptate, quod fuga alias sint impedit, maxime sed obcaecati. Ipsam aut voluptatibus ipsum deserunt iure. Natus laboriosam ullam doloribus iusto minima et maiores incidunt, architecto atque, porro, veniam ut vel laborum aut quasi quam at! Ratione quisquam quos aut voluptas voluptates repellat odio ab, placeat culpa, rerum laudantium. Totam necessitatibus odio magni praesentium nostrum numquam dolores mollitia! Impedit possimus numquam quae reiciendis, cum eius magni fuga cumque, sapiente labore ducimus exercitationem rem ad inventore quia officia itaque! Ipsa quo eius qui eveniet odio. Nesciunt sapiente similique perferendis reiciendis odit doloribus enim laudantium distinctio vitae, beatae atque in odio dolore quisquam optio quibusdam impedit, maxime voluptatibus mollitia! In voluptatibus totam doloribus pariatur labore.tur adipisicing elit. Minima iusto, amet eum voluptatum illo iure similique. Unde repellat neque obcaecati sunt tempore provident, aspernatur necessitatibus, cumque numquam consequuntur perspiciatis pariatur at ut expedita quibusdam totam. Recusandae nesciunt enim, pariatur assumenda laboriosam debitis beatae fuga natus vero voluptatibus libero error, aut non tempore provident quidem dolor illum, cupiditate consequuntur. Tempora hic, doloremque porro pariatur quis perspiciatis ipsum voluptate earum deserunt facilis! Natus dolor, impedit aspernatur officia aliquam est quisquam debitis voluptatibus ullam ratione. Maxime corrupti impedit animi enim? Ducimus est officiis eum sed, nihil minus sint modi beatae veritatis illum asperiores aut id, delectus optio facilis voluptatum maxime nobis et odit enim doloribus ea. Assumenda porro corrupti, debitis! Tempora ea minus dolorem possimus molestias quaerat, vel adipisci doloribus in doloremque quasi, voluptatem debitis harum neque qui ipsum ratione accusantium maiores dignissimos a. Aut est magni dignissimos perspiciatis ratione quod quam repellat harum odit. Sequi praesentium accusantium beatae eligendi laboriosam facilis inventore, odio reiciendis assumenda necessitatibus sunt accusamus officiis hic rem sint, quis quasi alias numquam dignissimos omnis earum! Ad rerum possimus aliquid provident deserunt corporis at voluptatem, esse aperiam voluptate, quod fuga alias sint impedit, maxime sed obcaecati. Ipsam aut voluptatibus ipsum deserunt iure. Natus laboriosam ullam doloribus iusto minima et maiores incidunt, architecto atque, porro, veniam ut vel laborum aut quasi quam at! Ratione quisquam quos aut voluptas voluptates repellat odio ab, placeat culpa, rerum laudantium. Totam necessitatibus odio magni praesentium nostrum numquam dolores mollitia! Impedit possimus numquam quae reiciendis, cum eius magni fuga cumque, sapiente labore ducimus exercitationem rem ad inventore quia officia itaque! Ipsa quo eius qui eveniet odio. Nesciunt sapiente similique perferendis reiciendis odit doloribus enim laudantium distinctio vitae, beatae atque in odio dolore quisquam optio quibusdam impedit, maxime voluptatibus mollitia! In voluptatibus totam doloribus pariatur labore.tur adipisicing elit. Minima iusto, amet eum voluptatum illo iure similique. Unde repellat neque obcaecati sunt tempore provident, aspernatur necessitatibus, cumque numquam consequuntur perspiciatis pariatur at ut expedita quibusdam totam. Recusandae nesciunt enim, pariatur assumenda laboriosam debitis beatae fuga natus vero voluptatibus libero error, aut non tempore provident quidem dolor illum, cupiditate consequuntur. Tempora hic, doloremque porro pariatur quis perspiciatis ipsum voluptate earum deserunt facilis! Natus dolor, impedit aspernatur officia aliquam est quisquam debitis voluptatibus ullam ratione. Maxime corrupti impedit animi enim? Ducimus est officiis eum sed, nihil minus sint modi beatae veritatis illum asperiores aut id, delectus optio facilis voluptatum maxime nobis et odit enim doloribus ea. Assumenda porro corrupti, debitis! Tempora ea minus dolorem possimus molestias quaerat, vel adipisci doloribus in doloremque quasi, voluptatem debitis harum neque qui ipsum ratione accusantium maiores dignissimos a. Aut est magni dignissimos perspiciatis ratione quod quam repellat harum odit. Sequi praesentium accusantium beatae eligendi laboriosam facilis inventore, odio reiciendis assumenda necessitatibus sunt accusamus officiis hic rem sint, quis quasi alias numquam dignissimos omnis earum! Ad rerum possimus aliquid provident deserunt corporis at voluptatem, esse aperiam voluptate, quod fuga alias sint impedit, maxime sed obcaecati. Ipsam aut voluptatibus ipsum deserunt iure. Natus laboriosam ullam doloribus iusto minima et maiores incidunt, architecto atque, porro, veniam ut vel laborum aut quasi quam at! Ratione quisquam quos aut voluptas voluptates repellat odio ab, placeat culpa, rerum laudantium. Totam necessitatibus odio magni praesentium nostrum numquam dolores mollitia! Impedit possimus numquam quae reiciendis, cum eius magni fuga cumque, sapiente labore ducimus exercitationem rem ad inventore quia officia itaque! Ipsa quo eius qui eveniet odio. Nesciunt sapiente similique perferendis reiciendis odit doloribus enim laudantium distinctio vitae, beatae atque in odio dolore quisquam optio quibusdam impedit, maxime voluptatibus mollitia! In voluptatibus totam doloribus pariatur labore.', NULL, NULL, 4);
INSERT INTO `news` (`id`, `article`, `text`, `create`, `is_analytic`, `category_id`) VALUES
(15, 'Добавим еще одну', 'tur adipisicing elit. Minima iusto, amet eum voluptatum illo iure similique. Unde repellat neque obcaecati sunt tempore provident, aspernatur necessitatibus, cumque numquam consequuntur perspiciatis pariatur at ut expedita quibusdam totam. Recusandae nesciunt enim, pariatur assumenda laboriosam debitis beatae fuga natus vero voluptatibus libero error, aut non tempore provident quidem dolor illum, cupiditate consequuntur. Tempora hic, doloremque porro pariatur quis perspiciatis ipsum voluptate earum deserunt facilis! Natus dolor, impedit aspernatur officia aliquam est quisquam debitis voluptatibus ullam ratione. Maxime corrupti impedit animi enim? Ducimus est officiis eum sed, nihil minus sint modi beatae veritatis illum asperiores aut id, delectus optio facilis voluptatum maxime nobis et odit enim doloribus ea. Assumenda porro corrupti, debitis! Tempora ea minus dolorem possimus molestias quaerat, vel adipisci doloribus in doloremque quasi, voluptatem debitis harum neque qui ipsum ratione accusantium maiores dignissimos a. Aut est magni dignissimos perspiciatis ratione quod quam repellat harum odit. Sequi praesentium accusantium beatae eligendi laboriosam facilis inventore, odio reiciendis assumenda necessitatibus sunt accusamus officiis hic rem sint, quis quasi alias numquam dignissimos omnis earum! Ad rerum possimus aliquid provident deserunt corporis at voluptatem, esse aperiam voluptate, quod fuga alias sint impedit, maxime sed obcaecati. Ipsam aut voluptatibus ipsum deserunt iure. Natus laboriosam ullam doloribus iusto minima et maiores incidunt, architecto atque, porro, veniam ut vel laborum aut quasi quam at! Ratione quisquam quos aut voluptas voluptates repellat odio ab, placeat culpa, rerum laudantium. Totam necessitatibus odio magni praesentium nostrum numquam dolores mollitia! Impedit possimus numquam quae reiciendis, cum eius magni fuga cumque, sapiente labore ducimus exercitationem rem ad inventore quia officia itaque! Ipsa quo eius qui eveniet odio. Nesciunt sapiente similique perferendis reiciendis odit doloribus enim laudantium distinctio vitae, beatae atque in odio dolore quisquam optio quibusdam impedit, maxime voluptatibus mollitia! In voluptatibus totam doloribus pariatur labore.tur adipisicing elit. Minima iusto, amet eum voluptatum illo iure similique. Unde repellat neque obcaecati sunt tempore provident, aspernatur necessitatibus, cumque numquam consequuntur perspiciatis pariatur at ut expedita quibusdam totam. Recusandae nesciunt enim, pariatur assumenda laboriosam debitis beatae fuga natus vero voluptatibus libero error, aut non tempore provident quidem dolor illum, cupiditate consequuntur. Tempora hic, doloremque porro pariatur quis perspiciatis ipsum voluptate earum deserunt facilis! Natus dolor, impedit aspernatur officia aliquam est quisquam debitis voluptatibus ullam ratione. Maxime corrupti impedit animi enim? Ducimus est officiis eum sed, nihil minus sint modi beatae veritatis illum asperiores aut id, delectus optio facilis voluptatum maxime nobis et odit enim doloribus ea. Assumenda porro corrupti, debitis! Tempora ea minus dolorem possimus molestias quaerat, vel adipisci doloribus in doloremque quasi, voluptatem debitis harum neque qui ipsum ratione accusantium maiores dignissimos a. Aut est magni dignissimos perspiciatis ratione quod quam repellat harum odit. Sequi praesentium accusantium beatae eligendi laboriosam facilis inventore, odio reiciendis assumenda necessitatibus sunt accusamus officiis hic rem sint, quis quasi alias numquam dignissimos omnis earum! Ad rerum possimus aliquid provident deserunt corporis at voluptatem, esse aperiam voluptate, quod fuga alias sint impedit, maxime sed obcaecati. Ipsam aut voluptatibus ipsum deserunt iure. Natus laboriosam ullam doloribus iusto minima et maiores incidunt, architecto atque, porro, veniam ut vel laborum aut quasi quam at! Ratione quisquam quos aut voluptas voluptates repellat odio ab, placeat culpa, rerum laudantium. Totam necessitatibus odio magni praesentium nostrum numquam dolores mollitia! Impedit possimus numquam quae reiciendis, cum eius magni fuga cumque, sapiente labore ducimus exercitationem rem ad inventore quia officia itaque! Ipsa quo eius qui eveniet odio. Nesciunt sapiente similique perferendis reiciendis odit doloribus enim laudantium distinctio vitae, beatae atque in odio dolore quisquam optio quibusdam impedit, maxime voluptatibus mollitia! In voluptatibus totam doloribus pariatur labore.tur adipisicing elit. Minima iusto, amet eum voluptatum illo iure similique. Unde repellat neque obcaecati sunt tempore provident, aspernatur necessitatibus, cumque numquam consequuntur perspiciatis pariatur at ut expedita quibusdam totam. Recusandae nesciunt enim, pariatur assumenda laboriosam debitis beatae fuga natus vero voluptatibus libero error, aut non tempore provident quidem dolor illum, cupiditate consequuntur. Tempora hic, doloremque porro pariatur quis perspiciatis ipsum voluptate earum deserunt facilis! Natus dolor, impedit aspernatur officia aliquam est quisquam debitis voluptatibus ullam ratione. Maxime corrupti impedit animi enim? Ducimus est officiis eum sed, nihil minus sint modi beatae veritatis illum asperiores aut id, delectus optio facilis voluptatum maxime nobis et odit enim doloribus ea. Assumenda porro corrupti, debitis! Tempora ea minus dolorem possimus molestias quaerat, vel adipisci doloribus in doloremque quasi, voluptatem debitis harum neque qui ipsum ratione accusantium maiores dignissimos a. Aut est magni dignissimos perspiciatis ratione quod quam repellat harum odit. Sequi praesentium accusantium beatae eligendi laboriosam facilis inventore, odio reiciendis assumenda necessitatibus sunt accusamus officiis hic rem sint, quis quasi alias numquam dignissimos omnis earum! Ad rerum possimus aliquid provident deserunt corporis at voluptatem, esse aperiam voluptate, quod fuga alias sint impedit, maxime sed obcaecati. Ipsam aut voluptatibus ipsum deserunt iure. Natus laboriosam ullam doloribus iusto minima et maiores incidunt, architecto atque, porro, veniam ut vel laborum aut quasi quam at! Ratione quisquam quos aut voluptas voluptates repellat odio ab, placeat culpa, rerum laudantium. Totam necessitatibus odio magni praesentium nostrum numquam dolores mollitia! Impedit possimus numquam quae reiciendis, cum eius magni fuga cumque, sapiente labore ducimus exercitationem rem ad inventore quia officia itaque! Ipsa quo eius qui eveniet odio. Nesciunt sapiente similique perferendis reiciendis odit doloribus enim laudantium distinctio vitae, beatae atque in odio dolore quisquam optio quibusdam impedit, maxime voluptatibus mollitia! In voluptatibus totam doloribus pariatur labore.tur adipisicing elit. Minima iusto, amet eum voluptatum illo iure similique. Unde repellat neque obcaecati sunt tempore provident, aspernatur necessitatibus, cumque numquam consequuntur perspiciatis pariatur at ut expedita quibusdam totam. Recusandae nesciunt enim, pariatur assumenda laboriosam debitis beatae fuga natus vero voluptatibus libero error, aut non tempore provident quidem dolor illum, cupiditate consequuntur. Tempora hic, doloremque porro pariatur quis perspiciatis ipsum voluptate earum deserunt facilis! Natus dolor, impedit aspernatur officia aliquam est quisquam debitis voluptatibus ullam ratione. Maxime corrupti impedit animi enim? Ducimus est officiis eum sed, nihil minus sint modi beatae veritatis illum asperiores aut id, delectus optio facilis voluptatum maxime nobis et odit enim doloribus ea. Assumenda porro corrupti, debitis! Tempora ea minus dolorem possimus molestias quaerat, vel adipisci doloribus in doloremque quasi, voluptatem debitis harum neque qui ipsum ratione accusantium maiores dignissimos a. Aut est magni dignissimos perspiciatis ratione quod quam repellat harum odit. Sequi praesentium accusantium beatae eligendi laboriosam facilis inventore, odio reiciendis assumenda necessitatibus sunt accusamus officiis hic rem sint, quis quasi alias numquam dignissimos omnis earum! Ad rerum possimus aliquid provident deserunt corporis at voluptatem, esse aperiam voluptate, quod fuga alias sint impedit, maxime sed obcaecati. Ipsam aut voluptatibus ipsum deserunt iure. Natus laboriosam ullam doloribus iusto minima et maiores incidunt, architecto atque, porro, veniam ut vel laborum aut quasi quam at! Ratione quisquam quos aut voluptas voluptates repellat odio ab, placeat culpa, rerum laudantium. Totam necessitatibus odio magni praesentium nostrum numquam dolores mollitia! Impedit possimus numquam quae reiciendis, cum eius magni fuga cumque, sapiente labore ducimus exercitationem rem ad inventore quia officia itaque! Ipsa quo eius qui eveniet odio. Nesciunt sapiente similique perferendis reiciendis odit doloribus enim laudantium distinctio vitae, beatae atque in odio dolore quisquam optio quibusdam impedit, maxime voluptatibus mollitia! In voluptatibus totam doloribus pariatur labore.\r\ntur adipisicing elit. Minima iusto, amet eum voluptatum illo iure similique. Unde repellat neque obcaecati sunt tempore provident, aspernatur necessitatibus, cumque numquam consequuntur perspiciatis pariatur at ut expedita quibusdam totam. Recusandae nesciunt enim, pariatur assumenda laboriosam debitis beatae fuga natus vero voluptatibus libero error, aut non tempore provident quidem dolor illum, cupiditate consequuntur. Tempora hic, doloremque porro pariatur quis perspiciatis ipsum voluptate earum deserunt facilis! Natus dolor, impedit aspernatur officia aliquam est quisquam debitis voluptatibus ullam ratione. Maxime corrupti impedit animi enim? Ducimus est officiis eum sed, nihil minus sint modi beatae veritatis illum asperiores aut id, delectus optio facilis voluptatum maxime nobis et odit enim doloribus ea. Assumenda porro corrupti, debitis! Tempora ea minus dolorem possimus molestias quaerat, vel adipisci doloribus in doloremque quasi, voluptatem debitis harum neque qui ipsum ratione accusantium maiores dignissimos a. Aut est magni dignissimos perspiciatis ratione quod quam repellat harum odit. Sequi praesentium accusantium beatae eligendi laboriosam facilis inventore, odio reiciendis assumenda necessitatibus sunt accusamus officiis hic rem sint, quis quasi alias numquam dignissimos omnis earum! Ad rerum possimus aliquid provident deserunt corporis at voluptatem, esse aperiam voluptate, quod fuga alias sint impedit, maxime sed obcaecati. Ipsam aut voluptatibus ipsum deserunt iure. Natus laboriosam ullam doloribus iusto minima et maiores incidunt, architecto atque, porro, veniam ut vel laborum aut quasi quam at! Ratione quisquam quos aut voluptas voluptates repellat odio ab, placeat culpa, rerum laudantium. Totam necessitatibus odio magni praesentium nostrum numquam dolores mollitia! Impedit possimus numquam quae reiciendis, cum eius magni fuga cumque, sapiente labore ducimus exercitationem rem ad inventore quia officia itaque! Ipsa quo eius qui eveniet odio. Nesciunt sapiente similique perferendis reiciendis odit doloribus enim laudantium distinctio vitae, beatae atque in odio dolore quisquam optio quibusdam impedit, maxime voluptatibus mollitia! In voluptatibus totam doloribus pariatur labore.tur adipisicing elit. Minima iusto, amet eum voluptatum illo iure similique. Unde repellat neque obcaecati sunt tempore provident, aspernatur necessitatibus, cumque numquam consequuntur perspiciatis pariatur at ut expedita quibusdam totam. Recusandae nesciunt enim, pariatur assumenda laboriosam debitis beatae fuga natus vero voluptatibus libero error, aut non tempore provident quidem dolor illum, cupiditate consequuntur. Tempora hic, doloremque porro pariatur quis perspiciatis ipsum voluptate earum deserunt facilis! Natus dolor, impedit aspernatur officia aliquam est quisquam debitis voluptatibus ullam ratione. Maxime corrupti impedit animi enim? Ducimus est officiis eum sed, nihil minus sint modi beatae veritatis illum asperiores aut id, delectus optio facilis voluptatum maxime nobis et odit enim doloribus ea. Assumenda porro corrupti, debitis! Tempora ea minus dolorem possimus molestias quaerat, vel adipisci doloribus in doloremque quasi, voluptatem debitis harum neque qui ipsum ratione accusantium maiores dignissimos a. Aut est magni dignissimos perspiciatis ratione quod quam repellat harum odit. Sequi praesentium accusantium beatae eligendi laboriosam facilis inventore, odio reiciendis assumenda necessitatibus sunt accusamus officiis hic rem sint, quis quasi alias numquam dignissimos omnis earum! Ad rerum possimus aliquid provident deserunt corporis at voluptatem, esse aperiam voluptate, quod fuga alias sint impedit, maxime sed obcaecati. Ipsam aut voluptatibus ipsum deserunt iure. Natus laboriosam ullam doloribus iusto minima et maiores incidunt, architecto atque, porro, veniam ut vel laborum aut quasi quam at! Ratione quisquam quos aut voluptas voluptates repellat odio ab, placeat culpa, rerum laudantium. Totam necessitatibus odio magni praesentium nostrum numquam dolores mollitia! Impedit possimus numquam quae reiciendis, cum eius magni fuga cumque, sapiente labore ducimus exercitationem rem ad inventore quia officia itaque! Ipsa quo eius qui eveniet odio. Nesciunt sapiente similique perferendis reiciendis odit doloribus enim laudantium distinctio vitae, beatae atque in odio dolore quisquam optio quibusdam impedit, maxime voluptatibus mollitia! In voluptatibus totam doloribus pariatur labore.tur adipisicing elit. Minima iusto, amet eum voluptatum illo iure similique. Unde repellat neque obcaecati sunt tempore provident, aspernatur necessitatibus, cumque numquam consequuntur perspiciatis pariatur at ut expedita quibusdam totam. Recusandae nesciunt enim, pariatur assumenda laboriosam debitis beatae fuga natus vero voluptatibus libero error, aut non tempore provident quidem dolor illum, cupiditate consequuntur. Tempora hic, doloremque porro pariatur quis perspiciatis ipsum voluptate earum deserunt facilis! Natus dolor, impedit aspernatur officia aliquam est quisquam debitis voluptatibus ullam ratione. Maxime corrupti impedit animi enim? Ducimus est officiis eum sed, nihil minus sint modi beatae veritatis illum asperiores aut id, delectus optio facilis voluptatum maxime nobis et odit enim doloribus ea. Assumenda porro corrupti, debitis! Tempora ea minus dolorem possimus molestias quaerat, vel adipisci doloribus in doloremque quasi, voluptatem debitis harum neque qui ipsum ratione accusantium maiores dignissimos a. Aut est magni dignissimos perspiciatis ratione quod quam repellat harum odit. Sequi praesentium accusantium beatae eligendi laboriosam facilis inventore, odio reiciendis assumenda necessitatibus sunt accusamus officiis hic rem sint, quis quasi alias numquam dignissimos omnis earum! Ad rerum possimus aliquid provident deserunt corporis at voluptatem, esse aperiam voluptate, quod fuga alias sint impedit, maxime sed obcaecati. Ipsam aut voluptatibus ipsum deserunt iure. Natus laboriosam ullam doloribus iusto minima et maiores incidunt, architecto atque, porro, veniam ut vel laborum aut quasi quam at! Ratione quisquam quos aut voluptas voluptates repellat odio ab, placeat culpa, rerum laudantium. Totam necessitatibus odio magni praesentium nostrum numquam dolores mollitia! Impedit possimus numquam quae reiciendis, cum eius magni fuga cumque, sapiente labore ducimus exercitationem rem ad inventore quia officia itaque! Ipsa quo eius qui eveniet odio. Nesciunt sapiente similique perferendis reiciendis odit doloribus enim laudantium distinctio vitae, beatae atque in odio dolore quisquam optio quibusdam impedit, maxime voluptatibus mollitia! In voluptatibus totam doloribus pariatur labore.', NULL, NULL, 4),
(16, 'Вася пупкин', 'it amet, consectetur adipisicing elit. Minima iusto, amet eum voluptatum illo iure similique. Unde repellat neque obcaecati sunt tempore provident, aspernatur necessitatibus, cumque numquam consequuntur perspiciatis pariatur at ut expedita quibusdam totam. Recusandae nesciunt enim, pariatur assumenda laboriosam debitis beatae fuga natus vero voluptatibus libero error, aut non tempore provident quidem dolor illum, cupiditate consequuntur. Tempora hic, doloremque porro pariatur quis perspiciatis ipsum voluptate earum deserunt facilis! Natus dolor, impedit aspernatur officia aliquam est quisquam debitis voluptatibus ullam ratione. Maxime corrupti impedit animi enim? Ducimus est officiis eum sed, nihil minus sint modi beatae veritatis illum asperiores aut id, delectus optio facilis voluptatum maxime nobis et odit enim doloribus ea. Assumenda porro corrupti, debitis! Tempora ea minus dolorem possimus molestias quaerat, vel adipisci doloribus in doloremque quasi, voluptatem debitis harum neque qui ipsum ratione accusantium maiores dignissimos a. Aut est magni dignissimos perspiciatis ratione quod quam repellat harum odit. Sequi praesentium accusantium beatae eligendi laboriosam facilis inventore, odio reiciendis assumenda necessitatibus sunt accusamus officiis hic rem sint, quis quasi alias numquam dignissimos omnis earum! Ad rerum possimus aliquid provident deserunt corporis at voluptatem, esse aperiam voluptate, quod fuga alias sint impedit, maxime sed obcaecati. Ipsam aut voluptatibus ipsum deserunt iure. Natus laboriosam ullam doloribus iusto minima et maiores incidunt, architecto atque, porro, veniam ut vel laborum aut quasi quam at! Ratione quisquam quos aut voluptas voluptates repellat odio ab, placeat culpa, rerum laudantium. Totam necessitatibus odio magni praesentium n \r\n \r\nit amet, consectetur adipisicing elit. Minima iusto, amet eum voluptatum illo iure similique. Unde repellat neque obcaecati sunt tempore provident, aspernatur necessitatibus, cumque numquam consequuntur perspiciatis pariatur at ut expedita quibusdam totam. Recusandae nesciunt enim, pariatur assumenda laboriosam debitis beatae fuga natus vero voluptatibus libero error, aut non tempore provident quidem dolor illum, cupiditate consequuntur. Tempora hic, doloremque porro pariatur quis perspiciatis ipsum voluptate earum deserunt facilis! Natus dolor, impedit aspernatur officia aliquam est quisquam debitis voluptatibus ullam ratione. Maxime corrupti impedit animi enim? Ducimus est officiis eum sed, nihil minus sint modi beatae veritatis illum asperiores aut id, delectus optio facilis voluptatum maxime nobis et odit enim doloribus ea. Assumenda porro corrupti, debitis! Tempora ea minus dolorem possimus molestias quaerat, vel adipisci doloribus in doloremque quasi, voluptatem debitis harum neque qui ipsum ratione accusantium maiores dignissimos a. Aut est magni dignissimos perspiciatis ratione quod quam repellat harum odit. Sequi praesentium accusantium beatae eligendi laboriosam facilis inventore, odio reiciendis assumenda necessitatibus sunt accusamus officiis hic rem sint, quis quasi alias numquam dignissimos omnis earum! Ad rerum possimus aliquid provident deserunt corporis at voluptatem, esse aperiam voluptate, quod fuga alias sint impedit, maxime sed obcaecati. Ipsam aut voluptatibus ipsum deserunt iure. Natus laboriosam ullam doloribus iusto minima et maiores incidunt, architecto atque, porro, veniam ut vel laborum aut quasi quam at! Ratione quisquam quos aut voluptas voluptates repellat odio ab, placeat culpa, rerum laudantium. Totam necessitatibus odio magni praesentium n\r\nit amet, consectetur adipisicing elit. Minima iusto, amet eum voluptatum illo iure similique. Unde repellat neque obcaecati sunt tempore provident, aspernatur necessitatibus, cumque numquam consequuntur perspiciatis pariatur at ut expedita quibusdam totam. Recusandae nesciunt enim, pariatur assumenda laboriosam debitis beatae fuga natus vero voluptatibus libero error, aut non tempore provident quidem dolor illum, cupiditate consequuntur. Tempora hic, doloremque porro pariatur quis perspiciatis ipsum voluptate earum deserunt facilis! Natus dolor, impedit aspernatur officia aliquam est quisquam debitis voluptatibus ullam ratione. Maxime corrupti impedit animi enim? Ducimus est officiis eum sed, nihil minus sint modi beatae veritatis illum asperiores aut id, delectus optio facilis voluptatum maxime nobis et odit enim doloribus ea. Assumenda porro corrupti, debitis! Tempora ea minus dolorem possimus molestias quaerat, vel adipisci doloribus in doloremque quasi, voluptatem debitis harum neque qui ipsum ratione accusantium maiores dignissimos a. Aut est magni dignissimos perspiciatis ratione quod quam repellat harum odit. Sequi praesentium accusantium beatae eligendi laboriosam facilis inventore, odio reiciendis assumenda necessitatibus sunt accusamus officiis hic rem sint, quis quasi alias numquam dignissimos omnis earum! Ad rerum possimus aliquid provident deserunt corporis at voluptatem, esse aperiam voluptate, quod fuga alias sint impedit, maxime sed obcaecati. Ipsam aut voluptatibus ipsum deserunt iure. Natus laboriosam ullam doloribus iusto minima et maiores incidunt, architecto atque, porro, veniam ut vel laborum aut quasi quam at! Ratione quisquam quos aut voluptas voluptates repellat odio ab, placeat culpa, rerum laudantium. Totam necessitatibus odio magni praesentium n', NULL, NULL, 4),
(17, 'Спортсмен слмомал язык', 'тест фвалыдваол дфво дфво тест фвалыдваол дфво дфво тест фвалыдваол дфво дфво тест фвалыдваол дфво дфво тест фвалыдваол дфво дфво тест фвалыдваол дфво дфво тест фвалыдваол дфво дфво \r\nтест фвалыдваол дфво дфво тест фвалыдваол дфво дфво тест фвалыдваол дфво дфво тест фвалыдваол дфво дфво тест фвалыдваол дфво дфво тест фвалыдваол дфво дфво тест фвалыдваол дфво дфво тест фвалыдваол дфво дфво тест фвалыдваол дфво дфво тест фвалыдваол дфво дфво тест фвалыдваол дфво дфво тест фвалыдваол дфво дфво тест фвалыдваол дфво дфво тест фвалыдваол дфво дфво тест фвалыдваол дфво дфво тест фвалыдваол дфво дфво тест фвалыдваол дфво дфво тест фвалыдваол дфво дфво тест фвалыдваол дфво дфво \r\nтест фвалыдваол дфво дфво тест фвалыдваол дфво дфво тест фвалыдваол дфво дфво тест фвалыдваол дфво дфво тест фвалыдваол дфво дфво тест фвалыдваол дфво дфво тест фвалыдваол дфво дфво тест фвалыдваол дфво дфво тест фвалыдваол дфво дфво тест фвалыдваол дфво дфво \r\n\r\n\r\nтест фвалыдваол дфво дфво тест фвалыдваол дфво дфво тест фвалыдваол дфво дфво тест фвалыдваол дфво дфво тест фвалыдваол дфво дфво тест фвалыдваол дфво дфво тест фвалыдваол дфво дфво тест фвалыдваол дфво дфво тест фвалыдваол дфво дфво тест фвалыдваол дфво дфво тест фвалыдваол дфво дфво тест фвалыдваол дфво дфво', NULL, NULL, 7),
(18, '2 Спортсмен слмомал язык', 'тестморп ор п', NULL, NULL, 4),
(19, 'Ющенко 2004', 'тест', NULL, NULL, 4),
(20, 'Виктор федорович', 'тестик', NULL, NULL, 4),
(21, 'World hold on', '<p>ASD qwe <strong>123&nbsp;</strong></p><p>&nbsp;</p>', NULL, NULL, 5),
(22, 'Новая политика', '<ul><li><a href="http://www.freezecoders.com/2014/11/how-to-connect-mssql-with-php-using-pdo-sqlsrv.html">How to Connect MSSQL with php using PDO-SQLSRV</a></li><li><a href="http://www.freezecoders.com/2014/09/calculating-period-in-php-date-and-finding-date-difference.html">Calculating Difference Between Two days And Display Particular Period of days Using PHP</a></li><li><a href="http://www.freezecoders.com/2014/07/html5-datalist.html">HTML5 Datalist</a></li><li><a href="http://www.freezecoders.com/2014/07/html5-progress-bar.html">HTML5 Progress Bar</a></li><li><a href="http://www.freezecoders.com/2014/05/simple-paypal-payment-integration-tutorial.html">Simple Paypal Payment Integration Tutorial</a></li><li><a href="http://www.freezecoders.com/2014/05/integrate-google-charts-with-php.html">Introduction to Google Charts, jQuery Chart</a></li><li><a href="http://www.freezecoders.com/2014/05/best-5-css-table-design.html">Best 5 CSS Table Design</a></li><li><a href="http://www.freezecoders.com/2014/01/how-to-create-widget-in-wordpress-using-php-code.html">How to Create Widget in WordPress using PHP Code</a></li><li><a href="http://www.freezecoders.com/2014/01/display-previous-next-post-link-at-bottom-of-post-in-wordpress.html">Display Previous Next Post link at Bottom of Post in WordPress</a></li><li><a href="http://www.freezecoders.com/2014/01/enquiry-page-with-ip-and-location-tracker-using-php-jquery.html">Enquiry Page with IP and Location Tracker Using PHP</a></li></ul>', NULL, NULL, 4),
(23, 'Старая политика', '<p>голос за1голос против</p><p>Я так реализовывал, ну конечно у меня в CMS, сложнее реализовано c mysql, думаю прикрутить этот код к mysql вы сможете:</p><p>$tags = array(&#39;php&#39;,&#39;html&#39;,&#39;php&#39;,&#39;css&#39;,&#39;javascript&#39;,&#39;php&#39;,&#39;html&#39;,&#39;php&#39;); $tags = array_count_values($tags); $i =&#39;0&#39;; foreach($tags as $tag = > $num) { $i = $i+1; if($i == max($tags)) { echo &#39;<a href="#">&#39;.$tag.&#39;</a> <sup>&#39;.$num.&#39;</sup>&#39;; } else { echo &#39;<a href="#">&#39;.$tag.&#39;</a> <sup>&#39;.$num.&#39;</sup>, &#39;; } }</p><p><a href="http://ru.stackoverflow.com/a/72323">поделиться</a><a href="http://ru.stackoverflow.com/posts/72323/edit">улучшить этот ответ</a></p><p>ответ дан&nbsp;19 янв &#39;12 в 11:34</p><p>&nbsp;</p><p><a href="http://ru.stackoverflow.com/users/5659/freemast">FreeMast</a></p><p>38819</p><p>1&nbsp;</p><p>Самое бредовое решение получившее голос "ЗА", простите конечно.&nbsp;&ndash;&nbsp;<a href="http://ru.stackoverflow.com/users/4597/shrek">Shrek</a>&nbsp;<a href="http://ru.stackoverflow.com/questions/68797/%D0%9A%D0%B0%D0%BA-%D1%81%D0%B4%D0%B5%D0%BB%D0%B0%D1%82%D1%8C-%D0%BD%D0%B0-%D1%81%D0%B0%D0%B9%D1%82%D0%B5-%D0%BC%D0%B5%D1%82%D0%BA%D0%B8-%D1%82%D0%B5%D0%B3%D0%BE%D0%B2#comment72387_72323">19 янв &#39;12 в 13:47</a></p><p>добавить комментарий</p><p>голос за1голос против</p><p>Ну если по простому, то сделать можно примерно так:</p><p>-- таблица тегов create table tag ( id int primary key auto_index, tag text not null ) -- таблица связка теги <-> статьи create table tag_article ( tag_id int not null, article_id in not null, primary key (tag_id, article_id) ) -- таблица статей create table article ( id int primary key auto_increment, -- все прочие поля )</p><p>Собственно запрос всех статей с одним указанным тегом:</p><p>select a.* from article a left join tag_article ta on (a.id = ta.artice_id) left join tag t on (t.id = ta.tag_id) where t.tag = &#39;html&#39;</p>', NULL, NULL, 4),
(24, 'Политическая аналитика', '<p><strong>Webpage with more number of rowed</strong></p><p>Вata will make the page lengthier, pagination makes the long rows into small number of rows and remaining in next pages. Pagination in a webpage will make the webpage structure more crispy. Here is the tutorial about how to make simple pagination using php mysql.&nbsp;Webpage with more number of rowed data will make the page lengthier, pagination makes the long rows into small number of rows and remaining in next pages. Pagination in a webpage will make the webpage structure more crispy. Here is the tutorial about how to make simple pagination using php mysql</p><p>Webpage with more number of rowed data will make the page lengthier, pagination makes the long rows into small number of rows and remaining in next pages. Pagination in a webpage will make the webpage structure more crispy. Here is the tutorial about how to make simple pagination using php mysql</p><p>&nbsp;</p><p>Webpage with more number of rowed data will make the page lengthier, pagination makes the long rows into small number of rows and remaining in next pages. Pagination in a webpage will make the webpage structure more crispy. Here is the tutorial about how to make simple pagination using php mysql</p><p>Webpage with more number of rowed data will make the page lengthier, pagination makes the long rows into small number of rows and remaining in next pages. Pagination in a webpage will make the webpage structure more crispy. Here is the tutorial about how to make simple pagination using php mysqlWebpage with more number of rowed data will make the page lengthier, pagination makes the long rows into small number of rows and remaining in next pages. Pagination in a webpage will make the webpage structure more crispy. Here is the tutorial about how to make simple pagination using php mysql</p><p>Webpage with more number of rowed data will make the page lengthier, pagination makes the long rows into small number of rows and remaining in next pages. Pagination in a webpage will make the webpage structure more crispy. Here is the tutorial about how to make simple pagination using php mysql</p>', NULL, 1, 4),
(25, 'Экономика аналитическая', '<p><strong>Webpage with more number of rowed data </strong>will make the page lengthier, pagination makes the long rows into small number of rows and remaining in next pages. Pagination in a webpage will make the webpage structure more crispy. Here is the tutorial about how to make simple pagination using php mysql.</p><p>Алалал&nbsp;W<em>ebpage with more number of rowed data will mak</em>e the page lengthier, pagination makes the long rows into small number of rows and remaining in next pages. Pagination in a webpage will make the webpage structure more crispy. Here is the tutorial about how to make simple pagination using php mysql</p><ul><li>ыва</li><li>ыва</li><li>ы</li><li>ва</li></ul><p>&nbsp;</p>', NULL, 1, 6);

-- --------------------------------------------------------

--
-- Table structure for table `tags`
--

CREATE TABLE `tags` (
  `id` int(11) NOT NULL,
  `tag_name` varchar(255) NOT NULL
) ENGINE=InnoDB DEFAULT CHARSET=utf8;

--
-- Dumping data for table `tags`
--

INSERT INTO `tags` (`id`, `tag_name`) VALUES
(2, 'президент'),
(3, 'политика'),
(4, 'обман'),
(5, 'бомж'),
(6, 'эко'),
(7, 'полиция');

-- --------------------------------------------------------

--
-- Table structure for table `tag_combine`
--

CREATE TABLE `tag_combine` (
  `article_id` int(11) NOT NULL,
  `tag_id` int(11) NOT NULL
) ENGINE=InnoDB DEFAULT CHARSET=latin1;

--
-- Dumping data for table `tag_combine`
--

INSERT INTO `tag_combine` (`article_id`, `tag_id`) VALUES
(23, 2),
(23, 3),
(23, 4),
(24, 2),
(24, 3),
(24, 5),
(25, 5),
(25, 6),
(25, 7);

-- --------------------------------------------------------

--
-- Table structure for table `users`
--

CREATE TABLE `users` (
  `id` int(11) NOT NULL,
  `login_mail` varchar(128) CHARACTER SET utf8 COLLATE utf8_unicode_ci NOT NULL,
  `full_name` varchar(255) CHARACTER SET utf8 COLLATE utf8_unicode_ci NOT NULL,
  `pass` varchar(255) CHARACTER SET utf8 COLLATE utf8_unicode_ci NOT NULL,
  `phone` varchar(30) CHARACTER SET utf8 COLLATE utf8_unicode_ci DEFAULT NULL,
  `photo_path` varchar(255) CHARACTER SET utf8 COLLATE utf8_unicode_ci DEFAULT NULL,
  `role` varchar(30) CHARACTER SET utf8 COLLATE utf8_unicode_ci NOT NULL DEFAULT 'user',
  `reg_date` datetime NOT NULL DEFAULT CURRENT_TIMESTAMP,
  `active` tinyint(1) NOT NULL DEFAULT '1'
) ENGINE=InnoDB DEFAULT CHARSET=utf8;

--
-- Dumping data for table `users`
--

INSERT INTO `users` (`id`, `login_mail`, `full_name`, `pass`, `phone`, `photo_path`, `role`, `reg_date`, `active`) VALUES
(1, 'admin', 'Administrator', 'myWSCxSk12PxI', '0508005958', NULL, 'admin', '2016-05-22 00:57:32', 1),
(15, 'Vyacheslav', 'Vyacheslav Lynnyk', 'myWSCxSk12PxI', '0508005958', '/webroot/images/avatars/15Vyacheslav40.png', 'user', '2016-05-22 22:17:51', 1),
(16, 'vasya', '', 'my0/heAaB9Bgk', NULL, NULL, 'user', '2016-05-30 22:27:07', 1),
(17, 'viktor', '', 'my0/heAaB9Bgk', NULL, NULL, 'user', '2016-06-02 08:03:50', 1);

--
-- Indexes for dumped tables
--

--
-- Indexes for table `categories`
--
ALTER TABLE `categories`
  ADD PRIMARY KEY (`id`);

--
-- Indexes for table `images`
--
ALTER TABLE `images`
  ADD PRIMARY KEY (`id`);

--
-- Indexes for table `news`
--
ALTER TABLE `news`
  ADD PRIMARY KEY (`id`),
  ADD KEY `news_category_id_fk` (`category_id`);

--
-- Indexes for table `tags`
--
ALTER TABLE `tags`
  ADD PRIMARY KEY (`id`);

--
-- Indexes for table `tag_combine`
--
ALTER TABLE `tag_combine`
  ADD PRIMARY KEY (`article_id`,`tag_id`);

--
-- Indexes for table `users`
--
ALTER TABLE `users`
  ADD PRIMARY KEY (`id`);

--
-- AUTO_INCREMENT for dumped tables
--

--
-- AUTO_INCREMENT for table `categories`
--
ALTER TABLE `categories`
  MODIFY `id` int(11) NOT NULL AUTO_INCREMENT, AUTO_INCREMENT=8;
--
-- AUTO_INCREMENT for table `images`
--
ALTER TABLE `images`
  MODIFY `id` smallint(5) UNSIGNED NOT NULL AUTO_INCREMENT, AUTO_INCREMENT=107;
--
-- AUTO_INCREMENT for table `news`
--
ALTER TABLE `news`
  MODIFY `id` int(11) NOT NULL AUTO_INCREMENT, AUTO_INCREMENT=26;
--
-- AUTO_INCREMENT for table `tags`
--
ALTER TABLE `tags`
  MODIFY `id` int(11) NOT NULL AUTO_INCREMENT, AUTO_INCREMENT=8;
--
-- AUTO_INCREMENT for table `users`
--
ALTER TABLE `users`
  MODIFY `id` int(11) NOT NULL AUTO_INCREMENT, AUTO_INCREMENT=18;
--
-- Constraints for dumped tables
--

--
-- Constraints for table `news`
--
ALTER TABLE `news`
  ADD CONSTRAINT `news_category_id_fk` FOREIGN KEY (`category_id`) REFERENCES `categories` (`id`);

/*!40101 SET CHARACTER_SET_CLIENT=@OLD_CHARACTER_SET_CLIENT */;
/*!40101 SET CHARACTER_SET_RESULTS=@OLD_CHARACTER_SET_RESULTS */;
/*!40101 SET COLLATION_CONNECTION=@OLD_COLLATION_CONNECTION */;
